"Категория";"Метки товара";"Артикул";"Наименование";"Подробное описание";"Краткое описание";"Тип товара";"Цена";"Цена со скидкой";"Кол-во на складе";"Attribs";"Перекрестные товары";"Картинка";"Статус товара";virtual;downloadable;file_paths;sku_parent;default_attr;_weight;_height;_width;_length
"Матрасы";;"Bionic";"Матрас Natura Vera Bionic";"[vc_row][vc_column width=""1/2""][vc_column_text]<strong>Система комфортности: </strong>

Трикотажный чехол с высокообъемным наполнителем Hollcon

Упругая пена — 2 см

Армирующий слой термовойлока

Независимый пружинный блок SupportMax500 — 14 см

Армирующий слой термовойлока

Натуральное кокосовое полотно с латексной пропиткой — 2 см

[/vc_column_text][/vc_column][vc_column width=""1/2""][vc_column_text]<strong>Характеристики</strong>

Тип матраса:                                               пружинный

Нагрузка на спальное место:               до 140 кг

Высота:                                                         21 см

Жесткость сторона 1:                               средняя

Жесткость сторона 2:                               жесткая

Гарантийный срок:                                   18 мес

Рекомендуемый срок эксплуатации:  5 лет

Страна производителя:                           Россия[/vc_column_text][/vc_column][/vc_row]";"Базовый матрас линейки <strong>Natura Vera</strong> с независимым пружинным блоком <strong>SupportMax500</strong>, который обеспечивает анатомическую поддержку позвоночника во время сна и отдыха, бережно распределяя нагрузку по всей поверхности матраса. Современная высокотехнологичная пена придает оптимальную жесткость, исключая эффект гамака.";"variable";"14697";"";"";"*Размер матраса:80x200:80x190:90x190:90x200:120x200:120x190:140x190:140x200:160x200:160x190:180x200:180x190,Возраст:для взрослого человека,Жесткость:Жесткая:Средняя,Высота матраса:21 см";"";Matrasy-natura-vera-Bionic-01.jpg,Snimok-ekrana-2019-11-18-v-7.09.33.jpg;publish;no;no;;;"";"";"";"";
;;"М0000019853";;;;;"20996";"14697";"5";"80x190";;;;;;;"Bionic";"";"";"";"";
;;"М0000019774";;;;;"20996";"14697";"5";"80x200";;;;;;;"Bionic";"";"";"";"";
;;"М0000019854";;;;;"24495";"17147";"5";"90x190";;;;;;;"Bionic";"";"";"";"";
;;"М0000019828";;;;;"24495";"17147";"5";"90x200";;;;;;;"Bionic";"";"";"";"";
;;"М0000019855";;;;;"27994";"19596";"5";"120x190";;;;;;;"Bionic";"";"";"";"";
;;"М0000019849";;;;;"27994";"19596";"5";"120x200";;;;;;;"Bionic";"";"";"";"";
;;"М0000019856";;;;;"31494";"22046";"5";"140x190";;;;;;;"Bionic";"";"";"";"";
;;"М0000019850";;;;;"31494";"22046";"5";"140x200";;;;;;;"Bionic";"";"";"";"";
;;"М0000019857";;;;;"34993";"24495";"5";"160x190";;;;;;;"Bionic";"";"";"";"";
;;"М0000019851";;;;;"34993";"24495";"5";"160x200";;;;;;;"Bionic";"";"";"";"";
;;"М0000019858";;;;;"38676";"27073";"5";"180x190";;;;;;;"Bionic";"";"";"";"";
;;"М0000019852";;;;;"38676";"27073";"5";"180x200";;;;;;;"Bionic";"";"";"";"";
"Матрасы";;"Forest";"Матрас Natura Vera Forest";"[vc_row][vc_column width=""1/2""][vc_column_text]<strong>Система комфортности:</strong>

Трикотажный чехол с высокообъемным наполнителем Hollcon

Натуральное кокосовое полотно с латексной пропиткой — 2 см

Армирующий слой термовойлока

Независимый пружинный блок SupportMax500 — 14 см

Армирующий слой термовойлока

Натуральный перфорированный латекс — 2 см[/vc_column_text][/vc_column][vc_column width=""1/2""][vc_column_text]<strong>Характеристики</strong>

Тип матраса:                                               пружинный

Нагрузка на спальное место:                до 140 кг

Высота:                                                         21 см

Жесткость сторона 1:                               жесткая

Жесткость сторона 2:                               средняя

Гарантийный срок:                                   18 мес

Рекомендуемый срок эксплуатации:  5 лет

Страна производителя:                           Россия[/vc_column_text][/vc_column][/vc_row]";"Двусторонний матрас с разной жесткостью сторон. В разное время года для получения полноценного здорового сна нужна неодинаковая жесткость анатомического матраса. В зимний период подходит более мягкая сторона, а в летний, когда уменьшается длительность сна, более жесткая сторона. Матрас <strong>Forest</strong> прекрасно выполняет эти функции, т.к. в его составе присутствуют слой упругой пены с армирующем слоем термовойлока, более мягкая сторона и более жесткая сторона, где сочетаются пена повышенной плотности и гиппоалергенная, износоустойчивая кокосовая койра. Приятный, мягкий трикотажный чехол придает матрасу комфортную мягкость.";"variable";"17429";"";"";"*Размер матраса:80x200:80x190:90x190:90x200:120x200:120x190:140x190:140x200:160x200:160x190:180x200:180x190,Возраст:для взрослого человека,Жесткость:Выше средней:Средняя,Высота матраса:21 см";"";natura-vera-Forest-01-1.jpg,Snimok-ekrana-2019-11-18-v-7.09.33.jpg;publish;no;no;;;"";"";"";"";
;;"М0000019884";;;;;"24899";"17429";"5";"80x190";;;;;;;"Forest";"";"";"";"";
;;"М0000019878";;;;;"24899";"17429";"5";"80x200";;;;;;;"Forest";"";"";"";"";
;;"М0000019885";;;;;"29049";"20334";"5";"90x190";;;;;;;"Forest";"";"";"";"";
;;"М0000019879";;;;;"29049";"20334";"5";"90x200";;;;;;;"Forest";"";"";"";"";
;;"М0000019886";;;;;"33199";"23239";"5";"120x190";;;;;;;"Forest";"";"";"";"";
;;"М0000019880";;;;;"33199";"23239";"5";"120x200";;;;;;;"Forest";"";"";"";"";
;;"М0000019887";;;;;"37349";"26144";"5";"140x190";;;;;;;"Forest";"";"";"";"";
;;"М0000019881";;;;;"37349";"26144";"5";"140x200";;;;;;;"Forest";"";"";"";"";
;;"М0000019888";;;;;"41499";"29049";"5";"160x190";;;;;;;"Forest";"";"";"";"";
;;"М0000019882";;;;;"41499";"29049";"5";"160x200";;;;;;;"Forest";"";"";"";"";
;;"М0000019889";;;;;"45832";"32083";"5";"180x190";;;;;;;"Forest";"";"";"";"";
;;"М0000019883";;;;;"45832";"32083";"5";"180x200";;;;;;;"Forest";"";"";"";"";
"Матрасы";;"Grass";"Матрас Natura Vera Grass";"[vc_row][vc_column width=""1/2""][vc_column_text]<strong>Система комфортности:</strong>

Трикотажный чехол с высокообъемным наполнителем Hollcon

Натуральный перфорированный латекс — 1 см

Натуральное кокосовое полотно с латексной пропиткой — 1 см

Армирующий слой термовойлока

Независимый пружинный блок SupportMax500 — 14 см

Армирующий слой термовойлока

Натуральное кокосовое полотно с латексной пропиткой — 1 см

[/vc_column_text][/vc_column][vc_column width=""1/2""][vc_column_text]<strong>Характеристики</strong>

Тип матраса:                                               пружинный

Нагрузка на спальное место:               до 140 кг

Высота:                                                         20 см

Жесткость сторона 1:                               средняя

Жесткость сторона 2:                               выше средней

Гарантийный срок:                                   18 мес

Рекомендуемый срок эксплуатации:  5 лет

Страна производителя:                           Россия[/vc_column_text][/vc_column][/vc_row]";"В составе матрасе <strong>Grass</strong> используются натуральные наполнители: натуральный перфорированный латекс, который предотвращает появление бактерий; натуральная кокосовая койра обладает влагоустойчивостью и прекрасной вентирлиуемостью, при которой матрас ""дышит"", обеспечивая вам здоровый и комфортный сон. Независимый пружинный блок <strong>SupportMax500</strong> обеспечивает надежную поддержку позвоночнику, сохраняя его в естественном положении.";"variable";"16105";"";"";"*Размер матраса:80x200:80x190:90x190:90x200:120x200:120x190:140x190:140x200:160x200:160x190:180x200:180x190,Возраст:для взрослого человека,Жесткость:Выше средней:Средняя,Высота матраса:21 см";"";NaturaVera-Grass-razrez-chast-1.jpg,Snimok-ekrana-2019-11-18-v-7.09.33.jpg;publish;no;no;;;"";"";"";"";
;;"М0000019897";;;;;"23007";"16105";"5";"80x190";;;;;;;"Grass";"";"";"";"";
;;"М0000019891";;;;;"23007";"16105";"5";"80x200";;;;;;;"Grass";"";"";"";"";
;;"М0000019898";;;;;"26841";"18789";"5";"90x190";;;;;;;"Grass";"";"";"";"";
;;"М0000019892";;;;;"26841";"18789";"5";"90x200";;;;;;;"Grass";"";"";"";"";
;;"М0000019899";;;;;"30675";"21473";"5";"120x190";;;;;;;"Grass";"";"";"";"";
;;"М0000019893";;;;;"30675";"21473";"";"120x200";;;;;;;"Grass";"";"";"";"";
;;"М0000019900";;;;;"34510";"24157";"5";"140x190";;;;;;;"Grass";"";"";"";"";
;;"М0000019894";;;;;"34510";"24157";"";"140x200";;;;;;;"Grass";"";"";"";"";
;;"М0000019901";;;;;"38344";"26841";"5";"160x190";;;;;;;"Grass";"";"";"";"";
;;"М0000019895";;;;;"38344";"26841";"";"160x200";;;;;;;"Grass";"";"";"";"";
;;"М0000019902";;;;;"42363";"29654";"5";"180x190";;;;;;;"Grass";"";"";"";"";
;;"М0000019896";;;;;"42363";"29654";"5";"180x200";;;;;;;"Grass";"";"";"";"";
"Матрасы";;"Twig";"Матрас Natura Linen Twig";"[vc_row][vc_column width=""1/2""][vc_column_text]<strong>Система комфортности: </strong>

Льняной трикотажный чехол с высокообъемным наполнителем из волокон бамбука Bambus

Упругая пена повышенной плотности — 3 см

Армирующий слой термовойлока

Независимый пружинный блок SupportMax1000— 14 см

Армирующий слой термовойлока

Упругая пена повышенной плотности — 3 см

[/vc_column_text][/vc_column][vc_column width=""1/2""][vc_column_text]<strong>Характеристики</strong>

Тип матраса:                                               пружинный

Нагрузка на спальное место:               свыше 140 кг

Высота:                                                         25 см

Жесткость сторона 1:                                средняя

Жесткость сторона 2:                               средняя

Гарантийный срок:                                   18 мес

Рекомендуемый срок эксплуатации:  8 лет

Страна производителя:                           Россия[/vc_column_text][/vc_column][/vc_row]";"В составе двустороннего матраса <strong>Twig</strong> используется  современная, высокотехнологичная  упругая пена повышенной плотности высотой 3 см, которая придает оптимальную жесткость спальному месту. Пористая структура пены позволяет циркулировать воздуху внутри матраса, тем самым делая сон здоровым и комфортным.

Независимый пружинный блок <strong>SupportMax1000 </strong>с 1000 пружин на спальное место, обеспечивает анатомически правильную поддержку, где каждая пружинка подстраивается под любые изгибы тела. Выдерживает высокие нагрузки.";"variable";"23520";"";"";"*Размер матраса:80x200:80x190:90x190:90x200:120x200:120x190:140x190:140x200:160x200:160x190:180x200:180x190:200x200:200x190,Возраст:для взрослого человека,Жесткость:Средняя,Высота матраса:23 см";"";natura_linen_Twig-novyj.png,Matras-Natura-Linen-Twig-2.jpg,natura_linen-1.jpg;publish;no;no;;;"";"";"";"";
;;"Twig_var-1";;;;;"67413";"47189";"";"200x190";;;;;;;"Twig";"";"";"";"";
;;"Twig_var-2";;;;;"67413";"47189";"";"200x200";;;;;;;"Twig";"";"";"";"";
;;"М0000019965";;;;;"33600";"23520";"5";"80x190";;;;;;;"Twig";"";"";"";"";
;;"М0000019958";;;;;"33600";"23520";"5";"80x200";;;;;;;"Twig";"";"";"";"";
;;"М0000019966";;;;;"39200";"27440";"5";"90x190";;;;;;;"Twig";"";"";"";"";
;;"М0000019959";;;;;"39200";"27440";"5";"90x200";;;;;;;"Twig";"";"";"";"";
;;"М0000019967";;;;;"44800";"31360";"5";"120x190";;;;;;;"Twig";"";"";"";"";
;;"М0000019960";;;;;"44800";"31360";"5";"120x200";;;;;;;"Twig";"";"";"";"";
;;"М0000019968";;;;;"50400";"35280";"5";"140x190";;;;;;;"Twig";"";"";"";"";
;;"М0000019962";;;;;"50400";"35280";"5";"140x200";;;;;;;"Twig";"";"";"";"";
;;"М0000019969";;;;;"56000";"39200";"5";"160x190";;;;;;;"Twig";"";"";"";"";
;;"М0000019963";;;;;"56000";"39200";"5";"160x200";;;;;;;"Twig";"";"";"";"";
;;"М0000019970";;;;;"61813";"43269";"5";"180x190";;;;;;;"Twig";"";"";"";"";
;;"М0000019964";;;;;"61813";"43269";"5";"180x200";;;;;;;"Twig";"";"";"";"";
"Матрасы";;"Stem";"Матрас Natura Linen Stem";"[vc_row][vc_column width=""1/2""][vc_column_text]<strong>Система комфортности: </strong>

Льняной трикотажный чехол с высокообъемным наполнителем из волокон бамбука Bambus

Натуральный перфорированный латекс — 2 см

Натуральное кокосовое полотно с латексной пропиткой — 1 см

Армирующий слой термовойлока

Независимый пружинный блок SupportMax1000 — 14 см

Армирующий слой термовойлока

Натуральное кокосовое полотно с латексной пропиткой — 1 см

Натуральный перфорированный латекс — 2 см

&nbsp;

<strong>Характеристики</strong>

Тип матраса:                                               пружинный

Нагрузка на спальное место:               свыше 140 кг

Высота:                                                         25 см

Жесткость сторона 1:                               средняя

Жесткость сторона 2:                              средняя

Гарантийный срок:                                   18 мес

Рекомендуемый срок эксплуатации:  8 лет

Страна производителя:                           Россия[/vc_column_text][/vc_column][/vc_row]";"Двусторонний матрас с независимым пружинным блоком <strong>SupportMax1000 </strong>с 1000 пружин на спальное место, который максимально точечно подстраивается под контуры тела и равномерно распределяет нагрузку  позвоночника по всей поверхности матраса. Способен выдерживать высокие нагрузки и хорошо подходит парам с разницей в весе.

В матрасе <strong>Stem</strong> отличная комбинация природных, экологически чистых материалов - натурального антибактериального латекса и гипоаллергенного, износоустойчивого кокоса с латексированной пропиткой. Система комфортности, применяемая в матрасе в виде льняного трикотажного чехла с высокообъемным наполнителем из волокон бамбука <strong>Bambus</strong>, создает комфортный и здоровый сон.";"variable";"29410";"";"";"*Размер матраса:80x200:80x190:90x190:90x200:120x200:120x190:140x190:140x200:160x200:160x190:180x200:180x190:200x200:200x190,Возраст:для взрослого человека,Жесткость:Жесткая:Средняя,Высота матраса:23 см";"";natura_linen_Stem.png,Matras-Natura-Linen-Twig-2.jpg,natura_linen-2.jpg;publish;no;no;;;"";"";"";"";
;;"Stem_var-1";;;;;"84028";"58820";"";"200x200";;;;;;;"Stem";"";"";"";"";
;;"Stem_var-2";;;;;"84028";"58820";"";"200x190";;;;;;;"Stem";"";"";"";"";
;;"М0000019978";;;;;"42014";"29410";"";"80x190";;;;;;;"Stem";"";"";"";"";
;;"М0000019972";;;;;"42014";"29410";"";"80x200";;;;;;;"Stem";"";"";"";"";
;;"М0000019979";;;;;"49016";"34311";"";"90x190";;;;;;;"Stem";"";"";"";"";
;;"М0000019973";;;;;"49016";"34311";"";"90x200";;;;;;;"Stem";"";"";"";"";
;;"М0000019980";;;;;"56019";"39213";"";"120x190";;;;;;;"Stem";"";"";"";"";
;;"М0000019974";;;;;"56019";"39213";"";"120x200";;;;;;;"Stem";"";"";"";"";
;;"М0000019981";;;;;"63021";"44115";"";"140x190";;;;;;;"Stem";"";"";"";"";
;;"М0000019975";;;;;"63021";"44115";"";"140x200";;;;;;;"Stem";"";"";"";"";
;;"М0000019982";;;;;"70023";"49016";"";"160x190";;;;;;;"Stem";"";"";"";"";
;;"М0000019976";;;;;"70023";"49016";"";"160x200";;;;;;;"Stem";"";"";"";"";
;;"М0000019983";;;;;"77026";"53918";"";"180x190";;;;;;;"Stem";"";"";"";"";
;;"М0000019977";;;;;"77026";"53918";"";"180x200";;;;;;;"Stem";"";"";"";"";
"Матрасы";;"Stack";"Матрас Natura Linen Stack";"[vc_row][vc_column width=""1/2""][vc_column_text]<strong>Система комфортности:</strong>

Льняной трикотажный чехол с высокообъемным наполнителем из волокон бамбука Bambus

Пена с эффектом памяти -2 см

Натуральное кокосовое полотно с латексной пропиткой — 1 см

Армирующий слой термовойлока

Независимый пружинный блок SupportMax1000 — 14 см

Армирующий слой термовойлока

Натуральное кокосовое полотно с латексной пропиткой — 1 см

Эластичная пена с эффектом памяти — 2 см

&nbsp;

<strong>Характеристики</strong>

Тип матраса:                                               пружинный

Нагрузка на спальное место:               свыше 140 кг

Высота:                                                         25 см

Жесткость сторона 1:                               средняя

Жесткость сторона 2:                               средняя

Гарантийный срок:                                   18 мес

Рекомендуемый срок эксплуатации:  8 лет

Страна производителя:                           Россия[/vc_column_text][/vc_column][/vc_row]";"В матрасе <strong>Stack</strong> мы используем  природный и экологически чистый  материал - слой гипоаллергенного,  натурального латексированного кокоса и мягкую, придающую дополнительный комфорт матрасу,  эластичную пену с эффектом памяти, которая повторяет любые изгибы тела во время сна и отдыха.

Независимый пружинный блок<strong> SupportMax1000</strong> обеспечивает точечную и упругую поддержку тела и позвоночника во время сна. Способен выдерживать высокие нагрузки и хорошо подходит парам с разницей в весе.";"variable";"30096";"";"";"*Размер матраса:80x200:80x190:90x190:90x200:120x200:120x190:140x190:140x200:160x200:160x190:180x200:180x190:200x200:200x190,Возраст:для взрослого человека,Жесткость:Средняя,Высота матраса:23 см";"";natura_linen_Stack.png,Matras-Natura-Linen-Stack-2.jpg,natura_linen-2.jpg;publish;no;no;;;"";"";"";"";
;;"Stack_var-1";;;;;"86202";"60341";"";"200x190";;;;;;;"Stack";"";"";"";"";
;;"Stack_var-2";;;;;"86202";"60341";"";"200x200";;;;;;;"Stack";"";"";"";"";
;;"М0000019993";;;;;"42994";"30096";"";"80x190";;;;;;;"Stack";"";"";"";"";
;;"М0000019986";;;;;"42994";"30096";"";"80x200";;;;;;;"Stack";"";"";"";"";
;;"М0000019994";;;;;"50160";"35112";"";"90x190";;;;;;;"Stack";"";"";"";"";
;;"М0000019988";;;;;"50160";"35112";"";"90x200";;;;;;;"Stack";"";"";"";"";
;;"М0000019995";;;;;"57326";"40128";"";"120x190";;;;;;;"Stack";"";"";"";"";
;;"М0000019989";;;;;"57326";"40128";"";"120x200";;;;;;;"Stack";"";"";"";"";
;;"М0000019996";;;;;"64491";"45144";"";"140x190";;;;;;;"Stack";"";"";"";"";
;;"М0000019990";;;;;"64491";"45144";"";"140x200";;;;;;;"Stack";"";"";"";"";
;;"М0000019997";;;;;"71657";"50160";"";"160x190";;;;;;;"Stack";"";"";"";"";
;;"М0000019991";;;;;"71657";"50160";"";"160x200";;;;;;;"Stack";"";"";"";"";
;;"М0000019998";;;;;"79036";"55325";"";"180x190";;;;;;;"Stack";"";"";"";"";
;;"М0000019992";;;;;"79036";"55325";"";"180x200";;;;;;;"Stack";"";"";"";"";
"Матрасы";;"Notte";"Матрас Natura Air Notte";"[vc_row][vc_column width=""1/2""][vc_column_text]<strong>Система комфортности: </strong>

Мягкий трикотажный чехол с 3-х слойным высокообъемным наполнителем Hollcon 650 г/м2

<strong>Основной матрас:</strong>

Натуральный перфорируемый латекс— 2 см

Натуральное латексированное кокосовое полотно— 2 см

Армирующий слой из  белого войлока

Армирующий слой из комбинированного хлопкового наполнителя Probitex — 1 см

Гипоаллергенная высокотехнологичная пена повышенной плотности — 2 см

<strong>Система поддержки: </strong>

Независимый пружинный блок SЕ1000 — 14 см

Технология свободы от переворачивания матраса Roll Over[/vc_column_text][/vc_column][vc_column width=""1/2""][vc_column_text]<strong>Характеристики</strong>

Тип матраса:                                               пружинный

Нагрузка на спальное место:               200 кг

Высота:                                                         24 см

Жесткость:                                                   средняя

Гарантийный срок:                                   18 мес

Рекомендуемый срок эксплуатации:  8 лет

Страна производителя:                           Россия

Бренд:                                                            Natura Air[/vc_column_text][/vc_column][/vc_row]";"Высокий уровень комфорта и качества воплотились в матрасе Notte премиальной линейки <strong>Natura Air</strong>. В составе матраса мы использовали природные, натуральные и экологически безопасные наполнители. Натуральный перфорируемый латекс, обладающий антибактериальными свойствами, обеспечивает безопасный и здоровый сон. Натуральный кокосовое полотно прекрасно держит форму, не деформируясь со временем. Его уникальная структура волокон не позволяет задерживаться влаге, тем самым позволяя матрасу ""дышать"". Независимый пружинный <strong>блок SE1000</strong> анатомически правильно обеспечивает поддержку, бережно снимая нагрузку и напряжение с мышц спящего. Роскошный мягкий трикотажный чехол, с высокообъемной стежкой и стильным орнаментом придает матрасу изысканный вид, тем самым делая ваш интерьер более утонченным и уникальным.";"variable";"36750";"";"";"*Размер матраса:80x200:80x190:90x190:90x200:120x200:120x190:140x190:140x200:160x200:160x190:180x200:180x190:200x200:200x190,Возраст:для взрослого человека,Жесткость:Средняя,Высота матраса:27 см";"";Natura-air-Notte.jpg,Natura-air-Notte-bok-1.jpg,Natura-air-Notte-bok-2.jpg;publish;no;no;;;"";"";"";"";
;;"Notte_var-1";;;;;"105280";"73696";"5";"200x200";;;;;;;"Notte";"";"";"";"";
;;"Notte_var-2";;;;;"105280";"73696";"5";"200x190";;;;;;;"Notte";"";"";"";"";
;;"М0000023691";;;;;"52500";"36750";"5";"80x190";;;;;;;"Notte";"";"";"";"";
;;"М0000023692";;;;;"61250";"42875";"5";"90x190";;;;;;;"Notte";"";"";"";"";
;;"М0000023683";;;;;"61250";"42875";"5";"90x200";;;;;;;"Notte";"";"";"";"";
;;"М0000023693";;;;;"70000";"49000";"5";"120x190";;;;;;;"Notte";"";"";"";"";
;;"М0000023684";;;;;"70000";"49000";"5";"120x200";;;;;;;"Notte";"";"";"";"";
;;"М0000023694";;;;;"78750";"55125";"5";"140x190";;;;;;;"Notte";"";"";"";"";
;;"М0000023687";;;;;"78750";"55125";"5";"140x200";;;;;;;"Notte";"";"";"";"";
;;"М0000023695";;;;;"87500";"61250";"5";"160x190";;;;;;;"Notte";"";"";"";"";
;;"М0000023689";;;;;"87500";"61250";"5";"160x200";;;;;;;"Notte";"";"";"";"";
;;"М0000023690";;;;;"96530";"67571";"5";"180x200";;;;;;;"Notte";"";"";"";"";
;;"М0000023696";;;;;"96530";"67571";"5";"180x190";;;;;;;"Notte";"";"";"";"";
"Матрасы";;"Lira";"Матрас Natura Air Lira";"[vc_row][vc_column width=""1/2""][vc_column_text]<strong>Система комфортности Pillow top: </strong>

Эксклюзивный, мягкий трикотажный чехол с 3-х слойным высокообъемным наполнителем Hollcon 650 г/м2

<strong>Pillow top:</strong>

Натуральный перфорируемый латекс- 4 см

<strong>Основной матрас:</strong>

Натуральное латексированное кокосовое полотно— 3 см

Натуральное латексированное кокосовое полотно— 3 см

Армирующий слой из  белый войлока

Натуральное кокосовое полотно с латексной пропиткой — 1 см

<strong>Система поддержки: </strong>

Независимый пружинный блок SЕ1000 — 14 см

Технология свободы от переворачивания матраса Roll Over[/vc_column_text][/vc_column][vc_column width=""1/2""][vc_column_text]<strong>Характеристики</strong>

Тип матраса:                                               пружинный

Нагрузка на спальное место:                 200 кг

Высота:                                                         29 см

Жесткость:                                                   средняя

Гарантийный срок:                                   18 мес

Рекомендуемый срок эксплуатации:  8 лет

Страна производителя:                           Россия[/vc_column_text][/vc_column][/vc_row]";"Коллекцию <strong>Natura Air</strong>  представляет уникальный матрас <strong>Lira</strong> с увеличенным объемом натурального кокоса, который придает оптимальную жесткость матрасу. Подходит для любителей жестких матрасов. Система комфортности <strong>Pillow top</strong> с эксклюзивным, мягким чехлом из трикотажного чехла с 3-х слойным высокообъемным наполнителем Hollcon, позволяет ощутить высокий уровень комфорта. Современный независимый пружинный блок <strong>SЕ1000</strong> деликатно и анатомически будет распределять нагрузку с позвоночника по всей поверхности матраса, не создавая дискомфорта и обеспечивая здоровый сон. Для удобства матрас оснащен технологией свободы от переворачивания матраса <strong>RollOver</strong>.";"variable";"51702";"";"";"*Размер матраса:80x200:80x190:90x190:90x200:120x200:120x190:140x190:140x200:160x200:160x190:180x200:180x190:200x200:200x190,Возраст:для взрослого человека,Жесткость:Средняя,Высота матраса:28 см";"";Natura-Air.jpg,NA-bok2.jpg,NA-bok.jpg;publish;no;no;;;"";"";"";"";
;;"Lira_var-1";;;;;"73860";"51702";"";"80x200";;;;;;;"Lira";"";"";"";"";
;;"М0000020170";;;;;"86170";"60319";"";"90x190";;;;;;;"Lira";"";"";"";"";
;;"Lira_var-3";;;;;"148000";"103600";"";"200x190";;;;;;;"Lira";"";"";"";"";
;;"Lira_var-4";;;;;"148000";"103600";"";"200x200";;;;;;;"Lira";"";"";"";"";
;;"М0000020169";;;;;"73860";"51702";"";"80x190";;;;;;;"Lira";"";"";"";"";
;;"Lira_var-6";;;;;"110790";"77553";"";"140x190";;;;;;;"Lira";"";"";"";"";
;;"М0000020166";;;;;"110790";"77553";"";"140x200";;;;;;;"Lira";"";"";"";"";
;;"Lira_var-8";;;;;"86170";"60319";"";"90x200";;;;;;;"Lira";"";"";"";"";
;;"М0000020171";;;;;"98480";"68936";"";"120x190";;;;;;;"Lira";"";"";"";"";
;;"М0000020172";;;;;"110790";"77553";"";"140x190";;;;;;;"Lira";"";"";"";"";
;;"М0000020167";;;;;"123100";"86170";"";"160x200";;;;;;;"Lira";"";"";"";"";
;;"Lira_var-12";;;;;"123100";"86170";"";"160x190";;;;;;;"Lira";"";"";"";"";
;;"М0000020168";;;;;"135690";"94983";"";"180x200";;;;;;;"Lira";"";"";"";"";
;;"Lira_var-14";;;;;"135690";"94983";"";"180x190";;;;;;;"Lira";"";"";"";"";
"Матрасы";;"Skyline";"Матрас Natura Air Skyline";"[vc_row][vc_column width=""1/2""][vc_column_text]<strong>Система комфортности Pillow top: </strong>

Эксклюзивный, мягкий трикотажный чехол с 3-х слойным высокообъемным наполнителем Hollcon 650 г/м2

<strong>Pilow top:</strong>

Натуральный перфорируемый латекс - 4 см

<strong>Основной матрас:</strong>

Гипоаллергенная пена с угольной пропиткой — 4 см

Армирующий слой из комбинированного хлопкового наполнителя Probitex - 1 см

Армирующий слой из комбинированного хлопкового наполнителя Probitex — 1 см

Армирующий слой из комбинированного хлопкового наполнителя Probitex — 1 см

<strong>Система поддержки: </strong>

Независимый пружинный блок SЕ1000 — 14 см

Технология свободы от переворачивания матраса Roll Over

[/vc_column_text][/vc_column][vc_column width=""1/2""][vc_column_text]<strong>Характеристики</strong>

Тип матраса:                                                 пружинный

Нагрузка на спальное место:                 200 кг

Высота:                                                           29 см

Жесткость:                                                     средняя

Гарантийный срок:                                     18 мес

Рекомендуемый срок эксплуатации:  8 лет

Страна производителя:                            Россия[/vc_column_text][/vc_column][/vc_row]";"Матрас <strong>Skyline</strong> премиальной линейки <strong>Natura Air</strong> воплотил в себе изысканный дизайн, высокое качество исполнения, сочетание натуральных природных материалов и инновационных современных материалов. Объёмный <strong>Pillow top</strong> придаёт матрасу необходимую высоту и высокий комфорт во время вашего сна. Матрас коллекции обладает системой <strong>Roll Over</strong>, при которой матрас не требуется переворачивать.";"variable";"45339";"";"";"*Размер матраса:80x200:80x190:90x190:90x200:120x200:120x190:140x190:140x200:160x200:160x190:180x200:180x190:200x200:200x190,Возраст:для взрослого человека,Жесткость:Средняя,Высота матраса:27 см";"";Natura-Air.jpg,NA-bok.jpg,NA-bok2.jpg;publish;no;no;;;"";"";"";"";
;;"Skyline_var-1";;;;;"129820";"90874";"5";"200x200";;;;;;;"Skyline";"";"";"";"";
;;"Skyline_var-2";;;;;"129820";"90874";"5";"200x190";;;;;;;"Skyline";"";"";"";"";
;;"М0000020156";;;;;"64770";"45339";"5";"80x190";;;;;;;"Skyline";"";"";"";"";
;;"М0000020150";;;;;"64770";"45339";"5";"80x200";;;;;;;"Skyline";"";"";"";"";
;;"М0000020157";;;;;"75565";"52896";"5";"90x190";;;;;;;"Skyline";"";"";"";"";
;;"М0000020151";;;;;"75565";"52896";"5";"90x200";;;;;;;"Skyline";"";"";"";"";
;;"М0000020158";;;;;"86360";"60452";"5";"120x190";;;;;;;"Skyline";"";"";"";"";
;;"М0000020159";;;;;"97155";"68009";"5";"140x190";;;;;;;"Skyline";"";"";"";"";
;;"М0000020152";;;;;"86360";"60452";"5";"120x200";;;;;;;"Skyline";"";"";"";"";
;;"М0000020160";;;;;"107950";"75565";"5";"160x190";;;;;;;"Skyline";"";"";"";"";
;;"М0000020153";;;;;"97155";"68009";"5";"140x200";;;;;;;"Skyline";"";"";"";"";
;;"М0000020154";;;;;"107950";"75565";"5";"160x200";;;;;;;"Skyline";"";"";"";"";
;;"М0000020161";;;;;"119025";"83318";"5";"180x190";;;;;;;"Skyline";"";"";"";"";
;;"М0000020155";;;;;"119025";"83318";"5";"180x200";;;;;;;"Skyline";"";"";"";"";
"Матрасы";;"Canvas";"Матрас Natura Linen Canvas";"[vc_row][vc_column width=""1/2""][vc_column_text]<strong>Система комфортности: </strong>

Льняной трикотажный чехол с высокообъемным наполнителем из волокон бамбука Bambus

Натуральный перфорированный латекс — 2 см

Упругая пена повышенной плотности — 2 см

Армирующий слой из белого войлока

Независимый пружинный блок SupportMax1000 — 14 см

Армирующий слой из белого войлока

Упругая пена повышенной плотности — 2 см
<div tabindex=""0"" role=""region"" aria-label=""Ирина Малистова, Независимый пружинный блок SupportMax1000 — 14 см, отправлено в 11:08."">
<div role=""none"">
<div role=""none"">
<div role=""none"">
<div role=""none"">
<div role=""none"">
<div role=""none"">
<div role=""none"">
<div dir=""auto"">Эластичная пена с эффектом памяти — 2 см</div>
</div>
</div>
</div>
</div>
</div>
<div role=""none"">
<div role=""none"" aria-hidden=""true""></div>
</div>
</div>
</div>
</div>
[/vc_column_text][/vc_column][vc_column width=""1/2""][vc_column_text]<strong>Характеристики</strong>

Тип матраса:                                               пружинный

Нагрузка на спальное место:               свыше 140 кг

Высота:                                                          27 см

Жесткость сторона 1:                                средняя

Жесткость сторона 2:                               средняя

Гарантийный срок:                                   18 мес

Рекомендуемый срок эксплуатации: 8 лет

Страна производителя:                           Россия[/vc_column_text][/vc_column][/vc_row]";"Высокий двусторонний матрас <strong>Canvas</strong> с независимым пружинным блоком <strong>SupportMax1000 c 1000</strong> пружин на спальное место, в составе которого антибактериальный перфорируемый латекс . С другой стороны - это высокотехнологичные экологически чистые пены: упругая пена повышенной плотности, благодаря ей матрас приобретает оптимальную жесткость, и эластичная пена с эффектом памяти, которая подстраивается под все изгибы вашего тела, снимая напряжение с мышц.";"variable";"31920";"";"";"*Размер матраса:80x200:80x190:90x190:90x200:120x200:120x190:140x190:140x200:160x200:160x190:180x200:180x190:200x200:200x190,Возраст:для взрослого человека,Жесткость:Средняя,Высота матраса:26 см";"";Matras-Natura-Linen-Canvas-800h450dpi.jpg,Matras-Natura-Linen-Canvas-3.jpg,natura_linen-2.jpg,Matrasy-Natura-Linen-pod-razmer-800h450dpi-3.jpg;publish;no;no;;;"";"";"";"";
;;"Canvas_var-1";;;;;"91413";"63989";"";"200x200";;;;;;;"Canvas";"";"";"";"";
;;"Canvas_var-2";;;;;"91413";"63989";"";"200x190";;;;;;;"Canvas";"";"";"";"";
;;"М0000020006";;;;;"45600";"31920";"";"80x190";;;;;;;"Canvas";"";"";"";"";
;;"М0000020000";;;;;"45600";"31920";"";"80x200";;;;;;;"Canvas";"";"";"";"";
;;"М0000020007";;;;;"53200";"37240";"";"90x190";;;;;;;"Canvas";"";"";"";"";
;;"М0000020008";;;;;"60800";"42560";"";"120x190";;;;;;;"Canvas";"";"";"";"";
;;"М0000020002";;;;;"60800";"42560";"";"120x200";;;;;;;"Canvas";"";"";"";"";
;;"М0000020009";;;;;"68400";"47880";"";"140x190";;;;;;;"Canvas";"";"";"";"";
;;"М0000020003";;;;;"68400";"47880";"";"140x200";;;;;;;"Canvas";"";"";"";"";
;;"М0000020010";;;;;"76000";"53200";"";"160x190";;;;;;;"Canvas";"";"";"";"";
;;"М0000020004";;;;;"76000";"53200";"";"160x200";;;;;;;"Canvas";"";"";"";"";
;;"М0000020011";;;;;"83813";"58669";"";"180x190";;;;;;;"Canvas";"";"";"";"";
;;"М0000020005";;;;;"83813";"58669";"";"180x200";;;;;;;"Canvas";"";"";"";"";
"Матрасы";;"";"Матрас Natura Vera Marge";"[vc_row][vc_column width=""1/2""][vc_column_text]<strong>Система комфортности: </strong>

Трикотажный чехол с высокообъемным наполнителем Hollcon

Натуральный перфорированный латекс — 2 см

Натуральное кокосовое полотно с латексной пропиткой — 1 см

Армирующий слой термовойлока

Независимый пружинный блок SupportMax500 — 14 см

Армирующий слой термовойлока

Натуральное кокосовое полотно с латексной пропиткой — 1 см

Эластичная пена с эффектом памяти — 2 см[/vc_column_text][/vc_column][vc_column width=""1/2""][vc_column_text]<strong>Характеристики</strong>

Тип матраса:                                               пружинный

Нагрузка на спальное место:               до 140 кг

Высота:                                                         23 см

Жесткость сторона 1:                               средняя

Жесткость сторона 2:                               средняя

Гарантийный срок:                                   18 мес

Рекомендуемый срок эксплуатации:  5 лет

Страна производителя:                           Россия[/vc_column_text][/vc_column][/vc_row]";"Матрас <strong>Marge</strong> - отличное сочетание натуральных и современных высокотехнологичных материалов. Высокую комфортность матрасу придают: натуральный латекс с антибактериальными свойствами с одной стороны, и эластичная пена с эффектом памяти, которая подстраивается по все изгибы вашего тела. Оптимальную жесткость матраса придает натуральный кокос с латексной пропиткой. Объемный, мягкий трикотажный чехол с высокообъемным наполнителем, придает приятные тактильные ощущения и обладает противоскользящим эффектом.";"variable";"18492";"";"";"*Размер матраса:80x200:80x190:90x200:90x190:120x200:120x190:140x190:140x200:160x200:160x190:180x190:180x200,Возраст:для взрослого человека,Жесткость:Средняя,Высота матраса:23 см";"";NaturaVera-Marge-razrez-chast.jpg,natura-vera-Marge-1.jpg,Snimok-ekrana-2019-11-18-v-7.09.33.jpg;publish;no;no;;;"";"";"";"";
;;"М0000019950";;;;;"30380";"21266";"";"80x190";;;;;;;"";"";"";"";"";
;;"М0000019944";;;;;"30380";"21266";"";"80x200";;;;;;;"";"";"";"";"";
;;"М0000019951";;;;;"35443";"24810";"";"90x190";;;;;;;"";"";"";"";"";
;;"М0000019945";;;;;"35443";"24810";"";"90x200";;;;;;;"";"";"";"";"";
;;"М0000019952";;;;;"40506";"28354";"";"120x190";;;;;;;"";"";"";"";"";
;;"М0000019946";;;;;"40506";"28354";"";"120x200";;;;;;;"";"";"";"";"";
;;"М0000019953";;;;;"45570";"31899";"";"140x190";;;;;;;"";"";"";"";"";
;;"М0000019947";;;;;"45570";"31899";"";"140x200";;;;;;;"";"";"";"";"";
;;"М0000019954";;;;;"50633";"35443";"";"160x190";;;;;;;"";"";"";"";"";
;;"М0000019948";;;;;"50633";"35443";"";"160x200";;;;;;;"";"";"";"";"";
;;"М0000019955";;;;;"55880";"39116";"";"180x190";;;;;;;"";"";"";"";"";
;;"М0000019949";;;;;"55880";"39116";"";"180x200";;;;;;;"";"";"";"";"";
"Матрасы";;"Plant";"Матрас Natura Vera Plant";"[vc_row][vc_column width=""1/2""][vc_column_text]<strong>Система комфортности: </strong>

Трикотажный чехол с высокообъемным наполнителем Hollcon

Натуральный перфорированный латекс — 2 см

Натуральное кокосовое полотно с латексной пропиткой — 1 см

Армирующий слой термовойлока

Независимый пружинный блок SupportMax500 — 14 см

Армирующий слой термовойлока

Натуральное кокосовое полотно с латексной пропиткой — 1 см

Натуральный перфорированный латекс — 2 см[/vc_column_text][/vc_column][vc_column width=""1/2""][vc_column_text]<strong>Характеристики</strong>

Тип матраса:                                               пружинный

Нагрузка на спальное место:               до 140 кг

Высота:                                                         23 см

Жесткость сторона 1:                               средняя

Жесткость сторона 2:                               средняя

Гарантийный срок:                                   18 мес

Рекомендуемый срок эксплуатации:  5 лет

Страна производителя:                           Россия[/vc_column_text][/vc_column][/vc_row]";"Двусторонний анатомический матрас с натуральными природными наполнителями. Отличное сочетание натурального перфорированного латекса и кокосового полотна. Натуральный перфорированный латекс антибактериален, перфорация помогает циркулировать воздуху внутри матраса. Кокос экологичен и безопасен, износоустойчив, он прекрасно выдерживает высокие нагрузки и не деформируется со временем. Независимый пружинный блок <strong>SupportMax500</strong> обеспечивает анатомическую поддержку позвоночника во время сна и отдыха.";"variable";"21100";"";"";"*Размер матраса:80x200:80x190:90x200:90x190:120x200:120x190:140x190:140x200:160x200:160x190:180x190:180x200,Возраст:для взрослого человека,Жесткость:Средняя,Высота матраса:23 см";"";NaturaVera-Plant-razrez-chast.jpg,natura-vera-Plant-2.jpg,Snimok-ekrana-2019-11-18-v-7.09.33.jpg;publish;no;no;;;"";"";"";"";
;;"М0000019936";;;;;"30143";"21100";"";"80x190";;;;;;;"Plant";"";"";"";"";
;;"М0000019929";;;;;"30143";"21100";"";"80x200";;;;;;;"Plant";"";"";"";"";
;;"М0000019937";;;;;"35167";"24617";"";"90x190";;;;;;;"Plant";"";"";"";"";
;;"М0000019931";;;;;"35167";"24617";"";"90x200";;;;;;;"Plant";"";"";"";"";
;;"М0000019938";;;;;"40191";"28134";"";"120x190";;;;;;;"Plant";"";"";"";"";
;;"М0000019932";;;;;"40191";"28134";"";"120x200";;;;;;;"Plant";"";"";"";"";
;;"М0000019939";;;;;"45215";"31650";"";"140x190";;;;;;;"Plant";"";"";"";"";
;;"М0000019933";;;;;"45215";"31650";"";"140x200";;;;;;;"Plant";"";"";"";"";
;;"М0000019940";;;;;"50239";"35167";"";"160x190";;;;;;;"Plant";"";"";"";"";
;;"М0000019934";;;;;"50239";"35167";"";"160x200";;;;;;;"Plant";"";"";"";"";
;;"М0000019942";;;;;"55446";"38813";"";"180x190";;;;;;;"Plant";"";"";"";"";
;;"М0000019935";;;;;"55446";"38813";"";"180x200";;;;;;;"Plant";"";"";"";"";
"Матрасы";;"Еssence";"Матрас Natura Vera Еssence";"[vc_row][vc_column width=""1/2""][vc_column_text]<strong>Система комфортности: </strong>

Трикотажный чехол с высокообъемным наполнителем Hollcon

Натуральное кокосовое полотно с латексной пропиткой — 2 см

Армирующий слой термовойлока

Независимый пружинный блок SupportMax500 — 14 см

Армирующий слой термовойлока

Натуральное кокосовое полотно с латексной пропиткой — 2 см[/vc_column_text][/vc_column][vc_column width=""1/2""][vc_column_text]<strong>Характеристики</strong>

Тип матраса:                                               пружинный

Нагрузка на спальное место:                до 140 кг

Высота:                                                         21 см

Жесткость сторона 1:                               жесткая

Жесткость сторона 2:                               жесткая

Гарантийный срок:                                   18 мес

Рекомендуемый срок эксплуатации:  5 лет

Страна производителя:                           Россия[/vc_column_text][/vc_column][/vc_row]";"Жесткий матрас <strong>Еssence</strong> имеет в своем составе только натуральный наполнитель - гиппоалергенный, износоустойчивый натуральный кокос. Кокосовое полотно обладает высокой жесткостью, но в тоже время оно эластично, благодаря латексной пропитке. Матрас подойдет в первую очередь людям весом более 90-100 килограммов, т.к. благодаря высокой жесткости кокоса, в совокупности с независимым пружинным блоком, не создается эффекта гамака. Кокосовое полотно прекрасно отводит влагу, тем самым продлевая срок службы матраса.";"variable";"16160";"";"";"*Размер матраса:80x200:80x190:90x200:90x190:120x200:120x190:140x190:140x200:160x200:160x190:180x190:180x200,Возраст:для взрослого человека,Жесткость:Выше средней:Жесткая,Высота матраса:24 см";"";natura-vera-Essence-01.jpg,natura-vera-Essence-franshiza-3.jpg,Snimok-ekrana-2019-11-18-v-7.09.33.jpg;publish;no;no;;;"";"";"";"";
;;"М0000019922";;;;;"23085";"16160";"5";"80x190";;;;;;;"Еssence";"";"";"";"";
;;"М0000019904";;;;;"23085";"16160";"5";"80x200";;;;;;;"Еssence";"";"";"";"";
;;"М0000019923";;;;;"26933";"18853";"5";"90x190";;;;;;;"Еssence";"";"";"";"";
;;"М0000019916";;;;;"26933";"18853";"5";"90x200";;;;;;;"Еssence";"";"";"";"";
;;"М0000019924";;;;;"30781";"21546";"5";"120x190";;;;;;;"Еssence";"";"";"";"";
;;"М0000019917";;;;;"30781";"21546";"5";"120x200";;;;;;;"Еssence";"";"";"";"";
;;"М0000019925";;;;;"34628";"24240";"5";"140x190";;;;;;;"Еssence";"";"";"";"";
;;"М0000019918";;;;;"34628";"24240";"5";"140x200";;;;;;;"Еssence";"";"";"";"";
;;"М0000019926";;;;;"38476";"26933";"5";"160x190";;;;;;;"Еssence";"";"";"";"";
;;"М0000019920";;;;;"38476";"26933";"5";"160x200";;;;;;;"Еssence";"";"";"";"";
;;"М0000019927";;;;;"42507";"29755";"5";"180x190";;;;;;;"Еssence";"";"";"";"";
;;"М0000019921";;;;;"42507";"29755";"5";"180x200";;;;;;;"Еssence";"";"";"";"";
"Матрасы";;"";"Матрас Natura Vera Garden";"[vc_row][vc_column width=""1/2""][vc_column_text]<strong>Система комфортности: </strong>

Трикотажный чехол с высокообъемным наполнителем Hollcon

Упругая пена — 2 см

Натуральное кокосовое полотно с латексной пропиткой — 1 см

Армирующий слой термовойлока

Независимый пружинный блок SupportMax500 — 14 см

Армирующий слой термовойлока

Натуральное кокосовое полотно с латексной пропиткой — 1 см

Упругая пена — 2 см[/vc_column_text][/vc_column][vc_column width=""1/2""][vc_column_text]<strong>Характеристики</strong>

Тип матраса:                                               пружинный

Нагрузка на спальное место:               до 140 кг

Высота:                                                         23 см

Жесткость сторона 1:                               средняя

Жесткость сторона 2:                               средняя

Гарантийный срок:                                   18 мес

Рекомендуемый срок эксплуатации:  5 лет

Страна производителя:                           Россия[/vc_column_text][/vc_column][/vc_row]";"Анатомический двусторонний матрас <strong>Garden</strong> с независимым пружинным блоком <strong>SupportMax500</strong>. Упругая пена повышенной плотности в сочетании с латексированной кокосовой плитой обеспечивает повышенную жесткость матраса. Гиппоалергенная кокосовая плита износоустойчивая и прекрасно отводит влагу, делая ваш отдых комфортным и безопасным. Армирующий слой термовойлока защищает слои от истирания пружинным блоком, продлевая срок службы матраса. Мягкий трикотажный чехол с высокообъемным наполнителем, придает приятные тактильные ощущения, обладает противоскользящим эффектом.";"variable";"16312";"";"";"*Размер матраса:80x200:80x190:90x200:90x190:120x200:120x190:140x190:140x200:160x200:160x190:180x190:180x200,Возраст:для взрослого человека,Жесткость:Выше средней,Высота матраса:22 см";"";natura-vera-Garden-01-1.jpg,natura-vera-Garden-franshiza-3.jpg,Snimok-ekrana-2019-11-18-v-7.09.33.jpg;publish;no;no;;;"";"";"";"";
;;"";;;;;"42905";"30033";"";"180x190";;;;;;;"";"";"";"";"";
;;"";;;;;"38837";"27186";"";"160x190";;;;;;;"";"";"";"";"";
;;"";;;;;"34953";"24467";"";"140x190";;;;;;;"";"";"";"";"";
;;"";;;;;"27186";"19030";"";"90x190";;;;;;;"";"";"";"";"";
;;"";;;;;"31070";"21749";"";"120x190";;;;;;;"";"";"";"";"";
;;"";;;;;"23302";"16312";"";"80x190";;;;;;;"";"";"";"";"";
"Матрасы";;"Tarmo";"Матрас Promo Tarmo";"[vc_row][vc_column width=""1/2""][vc_column_text]<strong>Система комфортности: </strong>

Трикотажный чехол с высокообъемным наполнителем Hollcon

Натуральная кокосовая плита 1 см

Армирующий слой термовойлока

Независимый пружинный блок S500 — 14 см

Армирующий слой термовойлока

Комбинированный хлопковый наполнитель    Probitex 1 см[/vc_column_text][/vc_column][vc_column width=""1/2""][vc_column_text]<strong>Характеристики</strong>

Тип матраса:                                               пружинный

Нагрузка на спальное место:               110 кг

Высота:                                                         18 см

Жесткость сторона 1:                               выше средней

Жесткость сторона 2:                               средняя

Гарантийный срок:                                   18 мес

Рекомендуемый срок эксплуатации:  5 лет

Страна производителя:                           Россия[/vc_column_text][/vc_column][/vc_row]";"Экономичная модель с независимым <strong>пружинным блоком S500</strong>. В составе матраса отличное сочетание природных и современных, высокотехнологичных материалов - латексированного кокоса и комбинированного хлопкового наполнителя <strong>Probitex</strong>. Латексированный кокос обладает гиппоалергенными свойствами и прекрасно отводит влагу, тем самым продлевая срок службы матраса. Комбинированные хлопковый наполнитель <strong>Probitex</strong> - современный материал, обеспечивающий хорошую поддержку во время сна и отдыха.";"variable";"6894";"";"";"*Размер матраса:80x200:80x190:90x200:90x190:120x200:120x190:140x190:140x200:160x200:160x190:180x190:180x200,Возраст:для взрослого человека,Жесткость:Выше средней:Средняя,Высота матраса:18 см";"";Tarmo.jpg,Matras-Tarmo_celyj.jpg;publish;no;no;;;"";"";"";"";
;;"М0000019748";;;;;"9849";"6894";"5";"80x190";;;;;;;"Tarmo";"";"";"";"";
;;"М0000019747";;;;;"9849";"6894";"5";"80x200";;;;;;;"Tarmo";"";"";"";"";
;;"М0000019759";;;;;"11490";"8043";"5";"90x190";;;;;;;"Tarmo";"";"";"";"";
;;"М0000019756";;;;;"11490";"8043";"5";"90x200";;;;;;;"Tarmo";"";"";"";"";
;;"М0000019761";;;;;"13131";"9192";"5";"120x190";;;;;;;"Tarmo";"";"";"";"";
;;"М0000019760";;;;;"13131";"9192";"5";"120x200";;;;;;;"Tarmo";"";"";"";"";
;;"М0000019763";;;;;"14773";"10341";"5";"140x190";;;;;;;"Tarmo";"";"";"";"";
;;"М0000019762";;;;;"14773";"10341";"5";"140x200";;;;;;;"Tarmo";"";"";"";"";
;;"М0000019765";;;;;"16414";"11490";"5";"160x190";;;;;;;"Tarmo";"";"";"";"";
;;"М0000019764";;;;;"16414";"11490";"5";"160x200";;;;;;;"Tarmo";"";"";"";"";
;;"М0000019767";;;;;"18056";"12639";"5";"180x190";;;;;;;"Tarmo";"";"";"";"";
;;"М0000019766";;;;;"18056";"12639";"5";"180x200";;;;;;;"Tarmo";"";"";"";"";
"Матрасы";;"Silvi";"Матрас Natura Linen Silvi";"[vc_row][vc_column width=""1/2""][vc_column_text]<strong>Система комфортности: </strong>

Льняной трикотажный чехол с высокообъемным наполнителем из волокон бамбука Bambus

Натуральное кокосовое полотно с латексной пропиткой — 2 см

Армирующий слой термовойлока

Независимый пружинный блок SupportMax1000 — 14 см

Армирующий слой термовойлока

Натуральное кокосовое полотно с латексной пропиткой — 2 см[/vc_column_text][/vc_column][vc_column width=""1/2""][vc_column_text]<strong>Характеристики</strong>

Тип матраса:                                               пружинный

Нагрузка на спальное место:               свыше 140 кг

Высота:                                                         23 см

Жесткость сторона 1:                               жесткая

Жесткость сторона 2:                               жесткая

Гарантийный срок:                                   18 мес

Рекомендуемый срок эксплуатации: 8 лет

Страна производителя:                           Россия[/vc_column_text][/vc_column][/vc_row]";"Двусторонний матрас с разной жесткостью сторон, в основе которого независимый пружинный блок <strong>SupportMax1000 </strong>с 1000 пружин на спальное место. Система независимого пружинного блока точечно подстраивается под любые контуры тела и правильно распределяет нагрузку по всей поверхности матраса. Система способная выдерживать высокие нагрузки. Подходит для пар с разностью в весе. В составе матраса используются натуральные, экологически чистые материалы: натуральный кокос с латексной пропиткой, отличительной особенностью является его влаго и износоустойчивость, он гипоаллергенен, безопасен и обеспечивает матрас оптимальной жесткостью.  Льняной трикотажный чехол с высокообъемным наполнителем из волокон бамбука <strong>Bambus</strong>, обладает антискользящими свойствами и создает необходимый комфорт во время сна и отдыха.";"variable";"24560";"";"";"*Размер матраса:80x200:80x190:90x200:90x190:120x200:120x190:140x190:140x200:160x200:160x190:180x190:180x200:200x200:200x190,Возраст:для взрослого человека,Жесткость:Жесткая,Высота матраса:23 см";"";Matras-Natura-Linen-Silvi-800h450dpi.jpg,Matras-Natura-Linen-Silvi-Strand-2.jpg,natura_linen-2.jpg,Matrasy-Natura-Linen-pod-razmer-800h450dpi-3.jpg;publish;no;no;;;"";"";"";"";
;;"Silvi_var-1";;;;;"70385";"49269";"5";"200x200";;;;;;;"Silvi";"";"";"";"";
;;"Silvi_var-2";;;;;"70385";"49269";"5";"200x190";;;;;;;"Silvi";"";"";"";"";
;;"М0000020025";;;;;"35086";"24560";"5";"80x190";;;;;;;"Silvi";"";"";"";"";
;;"М0000020013";;;;;"35086";"24560";"5";"80x200";;;;;;;"Silvi";"";"";"";"";
;;"М0000020026";;;;;"40933";"28653";"5";"90x190";;;;;;;"Silvi";"";"";"";"";
;;"М0000020014";;;;;"40933";"28653";"5";"90x200";;;;;;;"Silvi";"";"";"";"";
;;"М0000020028";;;;;"46781";"32747";"5";"120x190";;;;;;;"Silvi";"";"";"";"";
;;"М0000020015";;;;;"46781";"32747";"5";"120x200";;;;;;;"Silvi";"";"";"";"";
;;"М0000020029";;;;;"52629";"36840";"5";"140x190";;;;;;;"Silvi";"";"";"";"";
;;"М0000020016";;;;;"52629";"36840";"5";"140x200";;;;;;;"Silvi";"";"";"";"";
;;"М0000020030";;;;;"58476";"40933";"5";"160x190";;;;;;;"Silvi";"";"";"";"";
;;"М0000020017";;;;;"58476";"40933";"5";"160x200";;;;;;;"Silvi";"";"";"";"";
;;"М0000020031";;;;;"64537";"45176";"5";"180x190";;;;;;;"Silvi";"";"";"";"";
;;"М0000020024";;;;;"64537";"45176";"5";"180x200";;;;;;;"Silvi";"";"";"";"";
"Матрасы";;"Laska";"Матрас Natura Linen Laska";"[vc_row][vc_column width=""1/2""][vc_column_text]<strong>Система комфортности: </strong>

Льняной трикотажный чехол с высокообъемным наполнителем из волокон бамбука Bambus

Натуральный перфорированный латекс — 4 см

Натуральное кокосовое полотно с латексной пропиткой — 3 см

Армирующий слой термовойлока

Натуральное кокосовое полотно с латексной пропиткой — 3 см

Армирующий слой термовойлока

Натуральное кокосовое полотно с латексной пропиткой — 3 см

Армирующий слой термовойлока

Натуральное кокосовое полотно с латексной пропиткой — 3 см

Армирующий слой термовойлока

Натуральное кокосовое полотно с латексной пропиткой — 3 см[/vc_column_text][/vc_column][vc_column width=""1/2""][vc_column_text]<strong>Характеристики</strong>

Тип матраса:                                               беспружинный

Нагрузка на спальное место:                свыше 140 кг

Высота:                                                         23 см

Жесткость сторона 1:                               ниже средней

Жесткость сторона 2:                               ниже средней

Гарантийный срок:                                   18 мес

Рекомендуемый срок эксплуатации:  8 лет

Страна производителя:                           Россия[/vc_column_text][/vc_column][/vc_row]";"Беспружинный матрас <strong>Laska</strong> воплотил в себя отличное сочетание натурального латекса и латексированного кокоса. Уникальные свойства природных материалов, как антибактериальность, гиппоаллергенность, долговечность обеспечивают вам комфортный, здоровый сон. Для удобства матрас обладает разной жесткостью сторон. Подходит для активных людей и для людей с большим весом.";"variable";"37040";"";"";"*Размер матраса:80x200:80x190:90x200:90x190:120x200:120x190:140x190:140x200:160x200:160x190:180x190:180x200:200x200:200x190,Возраст:для взрослого человека,Жесткость:Ниже средней,Высота матраса:16 см";"";Matrasy-Natura-Linen-Laska-800h450dpi.jpg,Matras-Natura-Linen-Laska-1.jpg,natura_linen-2.jpg,Matrasy-Natura-Linen-pod-razmer-800h450dpi-3.jpg;publish;no;no;;;"";"";"";"";
;;"Laska_var-1";;;;;"106042";"74229";"5";"200x200";;;;;;;"Laska";"";"";"";"";
;;"Laska_var-2";;;;;"106042";"74229";"5";"200x190";;;;;;;"Laska";"";"";"";"";
;;"М0000020110";;;;;"52914";"37040";"5";"80x190";;;;;;;"Laska";"";"";"";"";
;;"М0000020103";;;;;"52914";"37040";"5";"80x200";;;;;;;"Laska";"";"";"";"";
;;"М0000020111";;;;;"61733";"43213";"5";"90x190";;;;;;;"Laska";"";"";"";"";
;;"М0000020104";;;;;"61733";"43213";"5";"90x200";;;;;;;"Laska";"";"";"";"";
;;"М0000020112";;;;;"70552";"49387";"5";"120x190";;;;;;;"Laska";"";"";"";"";
;;"М0000020106";;;;;"70552";"49387";"5";"120x200";;;;;;;"Laska";"";"";"";"";
;;"М0000020113";;;;;"79371";"55560";"5";"140x190";;;;;;;"Laska";"";"";"";"";
;;"М0000020107";;;;;"79371";"55560";"5";"140x200";;;;;;;"Laska";"";"";"";"";
;;"М0000020114";;;;;"88190";"61733";"5";"160x190";;;;;;;"Laska";"";"";"";"";
;;"М0000020108";;;;;"88190";"61733";"5";"160x200";;;;;;;"Laska";"";"";"";"";
;;"М0000020115";;;;;"97223";"68056";"5";"180x190";;;;;;;"Laska";"";"";"";"";
;;"М0000020109";;;;;"97223";"68056";"5";"180x200";;;;;;;"Laska";"";"";"";"";
"Матрасы";;"Swell";"Матрас Natura Linen Swell";"[vc_row][vc_column width=""1/2""][vc_column_text]<strong>Система комфортности: </strong>

Льняной трикотажный чехол с высокообъемным наполнителем из волокон бамбука Bambus

Эластичная пена с эффектом памяти — 3 см

Упругая пена повышенной плотности — 3 см

Армирующий слой термовойлока
<div tabindex=""0"" role=""region"" aria-label=""Ирина Малистова, Независимый пружинный блок SupportMax1000 — 14 см, отправлено в 11:08."">
<div role=""none"">
<div role=""none"">
<div role=""none"">
<div role=""none"">
<div role=""none"">
<div role=""none"">
<div role=""none"">
<div dir=""auto"">Независимый пружинный блок SupportMax1000 — 14 см</div>
<div dir=""auto""></div>
<div dir=""auto""></div>
</div>
</div>
</div>
</div>
</div>
</div>
</div>
</div>
Армирующий слой термовойлока

Упругая пена повышенной плотности — 3 см

Эластичная пена с эффектом памяти — 3 см[/vc_column_text][/vc_column][vc_column width=""1/2""][vc_column_text]<strong>Характеристики</strong>

Тип матраса:                                                пружинный

Нагрузка на спальное место:                свыше 140 кг

Высота:                                                           31 см

Жесткость сторона 1:                                 средняя

Жесткость сторона 2:                                 средняя

Гарантийный срок:                                     18 мес

Рекомендуемый срок эксплуатации:  8 лет

Страна производителя:                             Россия[/vc_column_text][/vc_column][/vc_row]";"В составе высокого двустороннего матраса  <strong>Swell</strong> сочетаются слои  высокотехнологичных экологически чистых пен: упругая пена повышенной плотности, благодаря которой матрас приобретает оптимальную жесткость, и эластичная пена с эффектом памяти, которая подстраивается под все изгибы вашего тела, снимая напряжение с мышц. Матрас отлично подойдет для активных людей.

Независимый пружинный блок<strong> SupportMax1000, </strong>отлично выдерживающий высокие нагрузки, обеспечит точечную и упругую поддержку тела и позвоночника во время сна.

&nbsp;";"variable";"37874";"";"";"*Размер матраса:80x200:80x190:90x200:90x190:120x200:120x190:140x190:140x200:160x200:160x190:180x190:180x200:200x200:200x190,Возраст:для взрослого человека,Жесткость:Выше средней,Высота матраса:27 см";"";natura_linen_Swell.png,Matras-Natura-Linen-Swell-1.jpg,natura_linen-2.jpg;publish;no;no;;;"";"";"";"";
;;"Swell_var-1";;;;;"108424";"75897";"";"200x200";;;;;;;"Swell";"";"";"";"";
;;"Swell_var-2";;;;;"108424";"75897";"";"200x190";;;;;;;"Swell";"";"";"";"";
;;"М0000020040";;;;;"54105";"37874";"";"80x190";;;;;;;"Swell";"";"";"";"";
;;"М0000020033";;;;;"54105";"37874";"";"80x200";;;;;;;"Swell";"";"";"";"";
;;"М0000020041";;;;;"63123";"44186";"5";"90x190";;;;;;;"Swell";"";"";"";"";
;;"М0000020042";;;;;"72140";"50498";"5";"120x190";;;;;;;"Swell";"";"";"";"";
;;"М0000020043";;;;;"81158";"56810";"5";"140x190";;;;;;;"Swell";"";"";"";"";
;;"М0000020037";;;;;"81158";"56810";"5";"140x200";;;;;;;"Swell";"";"";"";"";
;;"М0000020044";;;;;"90175";"63123";"5";"160x190";;;;;;;"Swell";"";"";"";"";
;;"М0000020038";;;;;"90175";"63123";"5";"160x200";;;;;;;"Swell";"";"";"";"";
;;"М0000020045";;;;;"99406";"69584";"5";"180x190";;;;;;;"Swell";"";"";"";"";
;;"М0000020039";;;;;"99406";"69584";"5";"180x200";;;;;;;"Swell";"";"";"";"";
"Матрасы";;"Flax";"Матрас Natura Linen Flax";"[vc_row][vc_column width=""1/2""][vc_column_text]<strong>Система комфортности: </strong>

Льняной трикотажный чехол с высокообъемным наполнителем из волокон бамбука Bambus

Упругая пена повышенной плотности — 2 см

Натуральное кокосовое полотно с латексной пропиткой — 1 см

Армирующий слой термовойлока

Независимый пружинный блок SupportMax1000 — 14 см

Армирующий слой термовойлока

Натуральное кокосовое полотно с латексной пропиткой — 1 см

Упругая пена повышенной плотности — 2 см

[/vc_column_text][/vc_column][vc_column width=""1/2""][vc_column_text]<strong>Характеристики</strong>

Тип матраса:                                                 пружинный

Нагрузка на спальное место:                 свыше 140 кг

Высота:                                                            25 см

Жесткость сторона 1:                                  средняя

Жесткость сторона 2:                                 средняя

Гарантийный срок:                                     18 мес

Рекомендуемый срок эксплуатации:  8 лет

Страна производителя:                            Россия[/vc_column_text][/vc_column][/vc_row]";"Высокий двусторонний матрас <strong>Flax</strong> с независимым пружинным блоком <strong>SupportMax1000</strong> с 1000 пружин на спальное место, В составе матраса отличная комбинация материалов: высокотехнологичная экологически чистая упругая пена повышенной плотности, благодаря которой матрас приобретает оптимальную жесткость, и гипоаллергенный, влагоустойчивый латексированный кокос.";"variable";"24264";"";"";"*Размер матраса:80x200:80x190:90x200:90x190:120x200:120x190:140x190:140x200:160x200:160x190:180x190:180x200:200x200:200x190,Возраст:для взрослого человека,Жесткость:Средняя,Высота матраса:26 см";"";natura_linen_Flax-novyj.png,Matras-Natura-Linen-Flax-3.jpg,Matrasy-Natura-Linen-pod-razmer-800h450dpi-4.jpg;publish;no;no;;;"";"";"";"";
;;"Flax_var-1";;;;;"69326";"48528";"";"200x200";;;;;;;"Flax";"";"";"";"";
;;"Flax_var-2";;;;;"69326";"48528";"";"200x190";;;;;;;"Flax";"";"";"";"";
;;"М0000020122";;;;;"34663";"24264";"";"80x190";;;;;;;"Flax";"";"";"";"";
;;"М0000020123";;;;;"40440";"28308";"";"90x190";;;;;;;"Flax";"";"";"";"";
;;"М0000020118";;;;;"40440";"28308";"";"90x200";;;;;;;"Flax";"";"";"";"";
;;"М0000020124";;;;;"46217";"32352";"";"120x190";;;;;;;"Flax";"";"";"";"";
;;"М0000020125";;;;;"51994";"36396";"";"140x190";;;;;;;"Flax";"";"";"";"";
;;"М0000020126";;;;;"57771";"40440";"";"160x190";;;;;;;"Flax";"";"";"";"";
;;"М0000020121";;;;;"57771";"40440";"";"160x200";;;;;;;"Flax";"";"";"";"";
;;"М0000020127";;;;;"63549";"44484";"";"180x190";;;;;;;"Flax";"";"";"";"";
;;"М0000020128";;;;;"63549";"44484";"";"180x200";;;;;;;"Flax";"";"";"";"";
"Матрасы";;"Orly";"Матрас Natura Linen Orly";"[vc_row][vc_column width=""1/2""][vc_column_text]<strong>Система комфортности: </strong>

Льняной трикотажный чехол с высокообъемным наполнителем из волокон бамбука Bambus

Натуральный перфорированный латекс — 4 см

Натуральный перфорированный латекс — 4 см

Натуральный перфорированный латекс — 4 см

Натуральный перфорированный латекс — 4 см

Натуральный перфорированный латекс — 4 см[/vc_column_text][/vc_column][vc_column width=""1/2""][vc_column_text]<strong>Характеристики</strong>

Тип матраса:                                               беспружинный

Нагрузка на спальное место:                 свыше 140 кг

Высота:                                                         23 см

Жесткость сторона 1:                               ниже средней

Жесткость сторона 2:                               ниже средней

Гарантийный срок:                                   18 мес

Рекомендуемый срок эксплуатации:  8 лет

Страна производителя:                           Россия[/vc_column_text][/vc_column][/vc_row]";"Натуральный латекс - это непревзойденный лидер наполнителей в производстве матрасов. Его уникальные свойства, как антибактериальность, долговечность и экологичность мы применили в матрасе <strong>Orly</strong>. В сочетании с объемным чехлом из льняного трикотажа дарит комфортные ощущения во время сна и отдыха.";"variable";"51168";"";"";"*Размер матраса:80x200:80x190:90x200:90x190:120x200:120x190:140x190:140x200:160x200:160x190:180x190:180x200:200x200:200x190,Возраст:для взрослого человека,Жесткость:Ниже средней,Высота матраса:23 см";"";Matrasy-Natura-Linen-Orly-800h450dpi-1.jpg,Matrasy-Natura-Linen-pod-razmer-800h450dpi.jpg,natura_linen.jpg,Matras-Natura-Linen-Orly-2.jpg;publish;no;no;;;"";"";"";"";
;;"Orly_var-1";;;;;"146408";"102485";"5";"200x200";;;;;;;"Orly";"";"";"";"";
;;"Orly_var-2";;;;;"146408";"102485";"5";"200x190";;;;;;;"Orly";"";"";"";"";
;;"М0000020096";;;;;"73097";"51168";"5";"80x190";;;;;;;"Orly";"";"";"";"";
;;"М0000020097";;;;;"85280";"59696";"5";"90x190";;;;;;;"Orly";"";"";"";"";
;;"М0000020089";;;;;"85280";"59696";"5";"90x200";;;;;;;"Orly";"";"";"";"";
;;"М0000020098";;;;;"97463";"68224";"5";"120x190";;;;;;;"Orly";"";"";"";"";
;;"М0000020091";;;;;"97463";"68224";"5";"120x200";;;;;;;"Orly";"";"";"";"";
;;"М0000020099";;;;;"109646";"76752";"5";"140x190";;;;;;;"Orly";"";"";"";"";
;;"М0000020093";;;;;"109646";"76752";"5";"140x200";;;;;;;"Orly";"";"";"";"";
;;"М0000020100";;;;;"121829";"85280";"5";"160x190";;;;;;;"Orly";"";"";"";"";
;;"М0000020094";;;;;"121829";"85280";"5";"160x200";;;;;;;"Orly";"";"";"";"";
;;"М0000020101";;;;;"134225";"93957";"5";"180x190";;;;;;;"Orly";"";"";"";"";
;;"М0000020095";;;;;"134225";"93957";"5";"180x200";;;;;;;"Orly";"";"";"";"";
"Матрасы";;"Hover";"Матрас Natura Air Hover";"[vc_row][vc_column width=""1/2""][vc_column_text]<strong>Система комфортности Pillow top</strong>:

Эксклюзивный, мягкий трикотажный чехол с 3-х слойным высокообъемным наполнителем Hollcon 650 г/м2

<strong>Pillow top</strong>:

Натуральный перфорируемый латекс — 3 см

Упругая пена повышенной плотности — 2 см

<strong>Основной матрас:</strong>

Натуральный перфорируемый латекс — 2 см

Упругая пена повышенной плотности — 2 см

Натуральное кокосовое полотно с латексной пропиткой — 1 см

Армирующий слой термовойлока

Упругая пена повышенной плотности — 2 см

<strong>Система поддержки:</strong>

Независимый пружинный блок SЕ1000 — 14 см

Технология свободы от переворачивания матраса Roll Over[/vc_column_text][/vc_column][vc_column width=""1/2""][vc_column_text]<strong>Характеристики</strong>

Тип матраса:                                               пружинный

Нагрузка на спальное место:                 200 кг

Высота:                                                         30 см

Жесткость:                                                   средняя

Гарантийный срок:                                   18 мес

Рекомендуемый срок эксплуатации:  8 лет

Страна производителя:                           Россия[/vc_column_text][/vc_column][/vc_row]";"Матрас <strong>Hover</strong> - это премиальный матрас коллекции <strong>Natura Air</strong>, в составе которого только высокачественные материалы. Включает в себя система комфортности <strong>Pillow top</strong>: эксклюзивный, мягкий трикотажный чехол с 3-х слойным высокообъемным наполнителем <strong>Hollcon</strong>, обеспечивающий дополнительный объем, тем самым повышая уровень комфортности. Независимый пружинный блок мягко и бережно поддерживает тело во время сна и отдыха, правильно распределяя нагрузку по всему матрасу. Свобода от переворачивания матраса с технологией <strong>OverRoll</strong>.

&nbsp;";"variable";"56105";"";"";"*Размер матраса:80x190:80x200:90x200:90x190:120x190:120x200:140x200:140x190:160x200:160x190:180x200:180x190:200x200:200x190,Возраст:для взрослого человека,Жесткость:Средняя,Высота матраса:27 см";"";Natura-Air.jpg,NA-bok2.jpg,NA-bok.jpg;publish;no;no;;;"";"";"";"";
;;"Hover_var-1";;;;;"80150";"56105";"5";"90x200";;;;;;;"Hover";"";"";"";"";
;;"М0000020137";;;;;"80150";"56105";"5";"90x190";;;;;;;"Hover";"";"";"";"";
;;"Hover_var-3";;;;;"91600";"64120";"5";"120x200";;;;;;;"Hover";"";"";"";"";
;;"Hover_var-4";;;;;"137680";"96376";"5";"200x190";;;;;;;"Hover";"";"";"";"";
;;"Hover_var-5";;;;;"137680";"96376";"5";"200x200";;;;;;;"Hover";"";"";"";"";
;;"М0000020138";;;;;"91600";"64120";"5";"120x190";;;;;;;"Hover";"";"";"";"";
;;"М0000020139";;;;;"103050";"72135";"5";"140x190";;;;;;;"Hover";"";"";"";"";
;;"Hover_var-8";;;;;"103050";"72135";"5";"140x200";;;;;;;"Hover";"";"";"";"";
;;"Hover_var-9";;;;;"114500";"80150";"5";"160x200";;;;;;;"Hover";"";"";"";"";
;;"М0000020140";;;;;"114500";"80150";"5";"160x190";;;;;;;"Hover";"";"";"";"";
;;"Hover_var-11";;;;;"126230";"88361";"5";"180x200";;;;;;;"Hover";"";"";"";"";
;;"М0000020141";;;;;"126230";"88361";"5";"180x190";;;;;;;"Hover";"";"";"";"";